{"Tv":{"Height":322.39996337890625,"Width":600.7999877929688,"X_Position":447.20001220703125,"Y_Position":235.1999969482422,"PanelNum":6},"Grid":{"RowHeights":[100,200,300],"ColumnWidths":[426,426,426]},"Panels":{"Panel1":null,"Panel2":null,"Panel3":null,"Panel4":null,"Panel5":null,"Panel6":null,"Panel7":null,"Panel8":null,"Panel9":null}}