{"Tv":{"Height":368.0000305175781,"Width":506.4000244140625,"X_Position":428,"Y_Position":294.3999938964844}}